{"cameraMode":{"drawMode":0,"name":"Shaded","section":"Shading Mode"},"sceneLighting":false,"audioPlay":false,"sceneViewState":{"showFog":true,"showMaterialUpdate":false,"showSkybox":false,"showFlares":true,"showImageEffects":true,"showParticleSystems":true},"in2DMode":false,"pivot":{"x":-0.0004313918761909008,"y":0.027210108935832979,"z":-0.002012353390455246},"rotation":{"x":-0.263763964176178,"y":0.7358602285385132,"z":-0.4553104341030121,"w":-0.42627763748168948},"size":0.15525473654270173,"orthographic":true}