{"cameraMode":{"drawMode":0,"name":"Shaded","section":"Shading Mode"},"sceneLighting":true,"audioPlay":false,"sceneViewState":{"showFog":true,"showMaterialUpdate":false,"showSkybox":true,"showFlares":true,"showImageEffects":true,"showParticleSystems":true},"in2DMode":false,"pivot":{"x":0.3020068407058716,"y":0.003487326204776764,"z":0.000011295080184936523},"rotation":{"x":0.760042667388916,"y":0.03435993939638138,"z":-0.04037509486079216,"w":0.6477457284927368},"size":0.5881920456886292,"orthographic":false}