{"cameraMode":{"drawMode":0,"name":"Shaded","section":"Shading Mode"},"sceneLighting":true,"audioPlay":false,"sceneViewState":{"showFog":true,"showMaterialUpdate":false,"showSkybox":true,"showFlares":true,"showImageEffects":true,"showParticleSystems":true},"in2DMode":false,"pivot":{"x":0.18059870600700379,"y":0.5834931135177612,"z":0.052881114184856418},"rotation":{"x":0.610309362411499,"y":0.009679185226559639,"z":-0.0074842264875769619,"w":0.7920837998390198},"size":1.2314764261245728,"orthographic":true}