{"cameraMode":{"drawMode":0,"name":"Shaded","section":"Shading Mode"},"sceneLighting":false,"audioPlay":false,"sceneViewState":{"showFog":true,"showMaterialUpdate":false,"showSkybox":false,"showFlares":true,"showImageEffects":true,"showParticleSystems":true},"in2DMode":false,"pivot":{"x":0.00006103515625,"y":52.70524215698242,"z":-3.26694393157959},"rotation":{"x":0.04182327166199684,"y":0.67789626121521,"z":-0.03868201747536659,"w":0.732947051525116},"size":23.334524154663087,"orthographic":true}